query,reference_answer
What is artificial intelligence?,"Artificial intelligence (AI) is the field of computing concerned with creating systems that can perform tasks that normally require human intelligence, such as learning, reasoning, perception, language understanding, and decision-making."
What is machine learning?,"Machine learning is a branch of artificial intelligence in which computer systems learn patterns from data and use those patterns to make predictions, classifications, or decisions without being explicitly programmed for every case."
What is deep learning?,"Deep learning is a subfield of machine learning that uses neural networks with multiple layers to learn increasingly complex representations from data. It is especially effective for tasks involving images, speech, language, and other high-dimensional data."
What is a neural network?,"A neural network is a machine-learning model composed of interconnected artificial neurons, usually organized into layers. It learns by adjusting the strengths of connections, or weights, so that its outputs better match the desired results."
What is an artificial neuron?,"An artificial neuron is a computational unit that receives input values, applies weights to those inputs, adds a bias, and passes the result through an activation function to produce an output. It is a basic building block of neural networks."
How are neural networks related to deep learning and artificial intelligence?,"Neural networks are models used within artificial intelligence, and deep learning is a form of machine learning that uses neural networks with multiple layers. Thus, neural networks are a key technique in deep learning, while deep learning is one approach within the broader fields of machine learning and artificial intelligence."
How does deep learning fit within machine learning and artificial intelligence?,"Artificial intelligence is the broad field of building systems that perform tasks associated with intelligence. Machine learning is a major approach within AI that learns from data, and deep learning is a subfield of machine learning that uses multi-layer neural networks. Therefore, deep learning is a subset of machine learning, which is in turn commonly considered a subset of AI."
How does backpropagation help neural networks learn?,Backpropagation computes how much the network's error changes with respect to each parameter by propagating error information backward through the layers. An optimization algorithm such as gradient descent then uses these gradients to update the network's weights and reduce the error.
How are artificial neurons related to biological neurons?,"Artificial neurons are simplified mathematical models inspired by biological neurons. Both combine inputs and produce an output, but artificial neurons are computational abstractions and do not reproduce the full biological structure or behavior of real neurons."
How do neural networks contribute to modern artificial intelligence?,"Neural networks provide powerful models for learning patterns from data and are used in many modern AI systems, including computer vision, speech recognition, natural-language processing, recommendation, and prediction. Deep neural networks in particular have enabled major advances in these areas."
How are machine learning and deep learning different?,"Machine learning is the broader field of methods that learn from data, while deep learning is a subset of machine learning based on multi-layer neural networks. Traditional machine-learning methods often rely more on manually designed features, whereas deep learning can learn useful representations directly from large amounts of data."
Compare artificial intelligence and machine learning.,"Artificial intelligence is the broader goal and field of creating systems that exhibit intelligent behavior. Machine learning is a set of techniques within AI that allows systems to learn patterns from data. Therefore, machine learning is one important approach to achieving artificial intelligence, but AI also includes approaches that are not based on machine learning."
Compare deep learning and artificial intelligence.,Artificial intelligence is the broad field concerned with intelligent behavior in machines. Deep learning is a specific machine-learning approach that uses multi-layer neural networks. Deep learning is therefore much narrower in scope and is one technique used to build AI systems.
Compare neural networks and deep learning.,"A neural network is a model made of interconnected computational neurons, while deep learning refers to using neural networks with multiple layers to learn complex representations. Neural networks can be shallow or deep; deep neural networks are the models most closely associated with deep learning."
Compare supervised and unsupervised learning.,"Supervised learning trains a model using labeled examples, where the desired output is provided, for tasks such as classification and regression. Unsupervised learning works with data without provided target labels and seeks patterns or structure, such as clusters or lower-dimensional representations."
