system,category,reward,answer_quality,faithfulness,retrieval_relevance,latency_seconds,latency_score
LinUCB,comparison,0.55241,0.859206,0.4664489361702128,0.051653191489361705,7.597377226003446,0.763866
LinUCB,multi-hop,0.87891,0.9023685714285714,0.34168571428571426,0.1421,1.639190279999353,0.9605528571428571
LinUCB,simple,0.9402312500000001,0.9252874999999999,,,0.6796643387518998,1.0
Manual Router,comparison,0.45896000000000003,0.860026,0.45575200000000005,0.054882,29.17099708400376,0.076752
Manual Router,multi-hop,0.5038214285714285,0.8947485714285713,0.3319142857142857,0.09603285714285714,4.969030100000444,0.8342485714285713
Manual Router,simple,0.9290800000000001,0.9258262500000001,,,1.6609288925001238,0.9420762500000001
Naive RAG,comparison,0.531454,0.828128,0.43800400000000006,0.047510000000000004,1.9029498100018827,0.983126
Naive RAG,multi-hop,0.5218971428571428,0.8939471428571429,0.33864285714285713,0.09271571428571429,1.3051813700004589,0.9971042857142858
Naive RAG,simple,0.52557875,0.93082625,0.37196250000000003,0.09014375,4.157053306252806,0.79515125
